{"cameraMode":{"drawMode":0,"name":"Shaded","section":"Shading Mode"},"sceneLighting":false,"audioPlay":false,"sceneViewState":{"m_AlwaysRefresh":false,"showFog":true,"showSkybox":true,"showFlares":true,"showImageEffects":true,"showParticleSystems":true,"showVisualEffectGraphs":true,"m_FxEnabled":true},"in2DMode":false,"pivot":{"x":10.460000038146973,"y":0.5400000214576721,"z":3.9000000953674318},"rotation":{"x":0.05666034668684006,"y":0.4354698956012726,"z":-0.02745080552995205,"w":0.8980466723442078},"size":0.46229082345962527,"orthographic":false}